poc_filename,v8_version_tested,issue_report_date,flags_used
Array-isArray.js,11.0.140,2022-11-30,--allow-natives-syntax --expose-gc
Array.js,11.0.140,2022-11-30,--allow-natives-syntax --expose-gc
Boolean.js,11.0.140,2022-11-30,--allow-natives-syntax --expose-gc
Date-setYear.js,11.0.140,2022-11-30,--allow-natives-syntax --expose-gc
Error.js,11.0.140,2022-11-30,--allow-natives-syntax --expose-gc
GlobalObject.js,11.0.140,2022-11-30,--allow-natives-syntax --expose-gc
JSON-parse-reviver.js,11.0.140,2022-11-30,--allow-natives-syntax --expose-gc
JSON-stringify-replacer.js,11.0.140,2022-11-30,--allow-natives-syntax --expose-gc
JSON-stringify.js,11.0.140,2022-11-30,--allow-natives-syntax --expose-gc
Number.js,11.0.140,2022-11-30,--allow-natives-syntax --expose-gc
Object-create.js,11.0.140,2022-11-30,--allow-natives-syntax --expose-gc
Object-defineProperties.js,11.0.140,2022-11-30,--allow-natives-syntax --expose-gc
Object-defineProperty.js,11.0.140,2022-11-30,--allow-natives-syntax --expose-gc
Object-keys.js,11.0.140,2022-11-30,--allow-natives-syntax --expose-gc
Object.js,11.0.140,2022-11-30,--allow-natives-syntax --expose-gc
Promise-already-rejected.js,11.0.140,2022-11-30,--harmony
Promise-already-resolved.js,11.0.140,2022-11-30,--harmony
Promise-catch.js,11.0.140,2022-11-30,--harmony --ignore-unhandled-promises
Promise-chained-then.js,11.0.140,2022-11-30,--harmony
Promise-exception.js,11.0.140,2022-11-30,--harmony
Promise-init-callback-receiver.js,11.0.140,2022-11-30,--harmony
Promise-init.js,11.0.140,2022-11-30,--harmony
Promise-onFulfilled-deep.js,11.0.140,2022-11-30,--harmony
Promise-onRejected-deep.js,11.0.140,2022-11-30,--harmony
Promise-reject.js,11.0.140,2022-11-30,--harmony
Promise-resolve-chain.js,11.0.140,2022-11-30,--harmony
Promise-resolve-state.js,11.0.140,2022-11-30,--harmony
Promise-resolve-with-itself.js,11.0.140,2022-11-30,--harmony
Promise-resolve-with-then-exception.js,11.0.140,2022-11-30,--harmony
Promise-resolve-with-then-fulfill.js,11.0.140,2022-11-30,--harmony
Promise-resolve-with-then-reject.js,11.0.140,2022-11-30,--harmony
Promise-resolve.js,11.0.140,2022-11-30,--harmony
Promise-simple.js,11.0.140,2022-11-30,--harmony
Promise-static-all.js,11.0.140,2022-11-30,--harmony --ignore-unhandled-promises
Promise-static-cast.js,11.0.140,2022-11-30,--harmony
Promise-static-race.js,11.0.140,2022-11-30,--harmony --ignore-unhandled-promises
Promise-static-reject.js,11.0.140,2022-11-30,--harmony
Promise-static-resolve.js,11.0.140,2022-11-30,--harmony
Promise-then-callback-receiver.js,11.0.140,2022-11-30,--harmony
Promise-then-without-callbacks.js,11.0.140,2022-11-30,--harmony
Promise-then.js,11.0.140,2022-11-30,--harmony
Prototype.js,11.0.140,2022-11-30,--allow-natives-syntax --expose-gc
RegExp.js,11.0.140,2022-11-30,--allow-natives-syntax --expose-gc
ToNumber.js,11.0.140,2022-11-30,--allow-natives-syntax --expose-gc
add-recovery.js,11.0.140,2022-11-30,--allow-natives-syntax --expose-gc
alternative-length-miscalculation.js,11.0.140,2022-11-30,--allow-natives-syntax --expose-gc
apply-varargs.js,11.0.140,2022-11-30,--allow-natives-syntax --expose-gc
arguments-bad-index.js,11.0.140,2022-11-30,--allow-natives-syntax --expose-gc
arguments-scope.js,11.0.140,2022-11-30,--allow-natives-syntax --expose-gc
arguments.js,11.0.140,2022-11-30,--allow-natives-syntax --expose-gc
array-bad-time.js,11.0.140,2022-11-30,--allow-natives-syntax --expose-gc
array-constructor-host-call.js,11.0.140,2022-11-30,--allow-natives-syntax --expose-gc
array-defineOwnProperty.js,11.0.140,2022-11-30,--allow-natives-syntax --expose-gc
array-enumerators-functions.js,11.0.140,2022-11-30,--allow-natives-syntax --expose-gc
array-every.js,11.0.140,2022-11-30,--allow-natives-syntax --expose-gc
array-filter.js,11.0.140,2022-11-30,--allow-natives-syntax --expose-gc
array-float-delete.js,11.0.140,2022-11-30,--allow-natives-syntax --expose-gc
array-functions-non-arrays.js,11.0.140,2022-11-30,--allow-natives-syntax --expose-gc
array-holes.js,11.0.140,2022-11-30,--allow-natives-syntax --expose-gc
array-index-immediate-types.js,11.0.140,2022-11-30,--allow-natives-syntax --expose-gc
array-indexing.js,11.0.140,2022-11-30,--allow-natives-syntax --expose-gc
array-iterate-backwards.js,11.0.140,2022-11-30,--allow-natives-syntax --expose-gc
array-lastIndexOf.js,11.0.140,2022-11-30,--allow-natives-syntax --expose-gc
array-proto-func-length-getter-except.js,11.0.140,2022-11-30,--allow-natives-syntax --expose-gc
array-proto-func-property-getter-except.js,11.0.140,2022-11-30,--allow-natives-syntax --expose-gc
array-prototype-properties.js,11.0.140,2022-11-30,--allow-natives-syntax --expose-gc
array-reduce.js,11.0.140,2022-11-30,--allow-natives-syntax --expose-gc
array-reduceRight.js,11.0.140,2022-11-30,--allow-natives-syntax --expose-gc
array-reset-large-index.js,11.0.140,2022-11-30,--allow-natives-syntax --expose-gc
array-slow-put.js,11.0.140,2022-11-30,--allow-natives-syntax --expose-gc
array-sort-numericCompare.js,11.0.140,2022-11-30,--allow-natives-syntax --expose-gc
array-sort-reentrance.js,11.0.140,2022-11-30,--allow-natives-syntax --expose-gc
array-sort-small-sparse-array-with-large-length.js,11.0.140,2022-11-30,--allow-natives-syntax --expose-gc
array-sort-sparse.js,11.0.140,2022-11-30,--allow-natives-syntax --expose-gc
array-splice.js,11.0.140,2022-11-30,--allow-natives-syntax --expose-gc
array-tostring-and-join.js,11.0.140,2022-11-30,--allow-natives-syntax --expose-gc
array-tostring-ignore-separator.js,11.0.140,2022-11-30,--allow-natives-syntax --expose-gc
array-type-speculation.js,11.0.140,2022-11-30,--allow-natives-syntax --expose-gc
assertion.js,11.0.140,2022-11-30,--allow-natives-syntax --expose-gc
assignments.js,11.0.140,2022-11-30,--allow-natives-syntax --expose-gc
avl-crash.js,11.0.140,2022-11-30,--allow-natives-syntax --expose-gc
basic-strict-mode.js,11.0.140,2022-11-30,--eval --arguments
bitops-type-tag.js,11.0.140,2022-11-30,--allow-natives-syntax --expose-gc
boolean-argument-prediction.js,11.0.140,2022-11-30,--allow-natives-syntax --expose-gc
boxed-double-to-int.js,11.0.140,2022-11-30,--allow-natives-syntax --expose-gc
break-ASI.js,11.0.140,2022-11-30,--allow-natives-syntax --expose-gc
cached-call-uninitialized-arguments.js,11.0.140,2022-11-30,--allow-natives-syntax --expose-gc
call-apply-crash.js,11.0.140,2022-11-30,--allow-natives-syntax --expose-gc
cast.js,11.0.140,2022-11-30,--allow-natives-syntax --expose-gc
char-at.js,11.0.140,2022-11-30,--allow-natives-syntax --expose-gc
class-constructor-return.js,11.0.140,2022-11-30,--allow-natives-syntax --expose-gc
class-syntax-call.js,11.0.140,2022-11-30,--allow-natives-syntax --expose-gc
class-syntax-declaration.js,11.0.140,2022-11-30,--allow-natives-syntax --expose-gc
class-syntax-default-constructor.js,11.0.140,2022-11-30,--allow-natives-syntax --expose-gc
class-syntax-expression.js,11.0.140,2022-11-30,--allow-natives-syntax --expose-gc
class-syntax-extends.js,11.0.140,2022-11-30,--allow-natives-syntax --expose-gc
class-syntax-name.js,11.0.140,2022-11-30,--allow-natives-syntax --expose-gc
class-syntax-prototype.js,11.0.140,2022-11-30,--allow-natives-syntax --expose-gc
class-syntax-scoping.js,11.0.140,2022-11-30,--allow-natives-syntax --expose-gc
class-syntax-semicolon.js,11.0.140,2022-11-30,--allow-natives-syntax --expose-gc
class-syntax-super.js,11.0.140,2022-11-30,--allow-natives-syntax --expose-gc
closure-inside-extra-arg-call.js,11.0.140,2022-11-30,--allow-natives-syntax --expose-gc
codegen-assign-nontemporary-as-rexp.js,11.0.140,2022-11-30,--allow-natives-syntax --expose-gc
codegen-jless.js,11.0.140,2022-11-30,--allow-natives-syntax --expose-gc
codegen-loops-logical-nodes.js,11.0.140,2022-11-30,--allow-natives-syntax --expose-gc
codegen-peephole-locals.js,11.0.140,2022-11-30,--allow-natives-syntax --expose-gc
codegen-temporaries.js,11.0.140,2022-11-30,--o --a --a --a --a
comment-1.js,11.0.140,2022-11-30,--allow-natives-syntax --expose-gc
comment-2.js,11.0.140,2022-11-30,--allow-natives-syntax --expose-gc
comparison-operators-greater.js,11.0.140,2022-11-30,--allow-natives-syntax --expose-gc
comparison-operators-less.js,11.0.140,2022-11-30,--allow-natives-syntax --expose-gc
comparison-operators.js,11.0.140,2022-11-30,--allow-natives-syntax --expose-gc
completion.js,11.0.140,2022-11-30,--allow-natives-syntax --expose-gc
concat-while-having-a-bad-time.js,11.0.140,2022-11-30,--allow-natives-syntax --expose-gc
conditional.js,11.0.140,2022-11-30,--allow-natives-syntax --expose-gc
constant-encoding.js,11.0.140,2022-11-30,--allow-natives-syntax --expose-gc
constant-folding.js,11.0.140,2022-11-30,--allow-natives-syntax --expose-gc
constructor.js,11.0.140,2022-11-30,--allow-natives-syntax --expose-gc
constructor_length.js,11.0.140,2022-11-30,--allow-natives-syntax --expose-gc
continue-break-multiple-labels.js,11.0.140,2022-11-30,--allow-natives-syntax --expose-gc
convert-nan-to-bool.js,11.0.140,2022-11-30,--nan --Undefined
crash-1.js,11.0.140,2022-11-30,--allow-natives-syntax --expose-gc
crash-2.js,11.0.140,2022-11-30,--allow-natives-syntax --expose-gc
cyclic-prototypes.js,11.0.140,2022-11-30,--allow-natives-syntax --expose-gc
date-DST-pre-1970.js,11.0.140,2022-11-30,--allow-natives-syntax --expose-gc
date-big-setmonth.js,11.0.140,2022-11-30,--allow-natives-syntax --expose-gc
date-constructor.js,11.0.140,2022-11-30,--allow-natives-syntax --expose-gc
date-daysfrom1970-overflow.js,11.0.140,2022-11-30,--allow-natives-syntax --expose-gc
date-negative-setmonth.js,11.0.140,2022-11-30,--allow-natives-syntax --expose-gc
date-parse-comments-test.js,11.0.140,2022-11-30,--allow-natives-syntax --expose-gc
date-preserve-milliseconds.js,11.0.140,2022-11-30,--allow-natives-syntax --expose-gc
date-set-to-nan.js,11.0.140,2022-11-30,--allow-natives-syntax --expose-gc
date-toisostring.js,11.0.140,2022-11-30,--allow-natives-syntax --expose-gc
date-utc-timeclip.js,11.0.140,2022-11-30,--allow-natives-syntax --expose-gc
declaration-in-block.js,11.0.140,2022-11-30,--allow-natives-syntax --expose-gc
deep-recursion-test.js,11.0.140,2022-11-30,--stack-size
delete-getters-setters.js,11.0.140,2022-11-30,--allow-natives-syntax --expose-gc
delete-then-put.js,11.0.140,2022-11-30,--allow-natives-syntax --expose-gc
delete.js,11.0.140,2022-11-30,--allow-natives-syntax --expose-gc
dfg-abs-backwards-propagation.js,11.0.140,2022-11-30,--allow-natives-syntax --expose-gc
dfg-add-not-number.js,11.0.140,2022-11-30,--allow-natives-syntax --expose-gc
dfg-arguments-alias-escape.js,11.0.140,2022-11-30,--allow-natives-syntax --expose-gc
dfg-arguments-alias-one-block-osr-exit.js,11.0.140,2022-11-30,--allow-natives-syntax --expose-gc
dfg-arguments-alias-one-block-overwrite-arguments.js,11.0.140,2022-11-30,--allow-natives-syntax --expose-gc
dfg-arguments-alias-one-block-overwrite.js,11.0.140,2022-11-30,--allow-natives-syntax --expose-gc
dfg-arguments-alias-one-block.js,11.0.140,2022-11-30,--allow-natives-syntax --expose-gc
dfg-arguments-alias.js,11.0.140,2022-11-30,--allow-natives-syntax --expose-gc
dfg-arguments-cross-code-origin.js,11.0.140,2022-11-30,--allow-natives-syntax --expose-gc
dfg-arguments-mixed-alias.js,11.0.140,2022-11-30,--allow-natives-syntax --expose-gc
dfg-arguments-osr-exit-multiple-blocks-before-exit.js,11.0.140,2022-11-30,--allow-natives-syntax --expose-gc
dfg-arguments-osr-exit-multiple-blocks.js,11.0.140,2022-11-30,--allow-natives-syntax --expose-gc
dfg-arguments-osr-exit.js,11.0.140,2022-11-30,--allow-natives-syntax --expose-gc
dfg-arguments-out-of-bounds.js,11.0.140,2022-11-30,--allow-natives-syntax --expose-gc
dfg-arguments-unexpected-escape.js,11.0.140,2022-11-30,--allow-natives-syntax --expose-gc
dfg-arith-add-overflow-check-elimination-predicted-but-not-proven-int.js,11.0.140,2022-11-30,--allow-natives-syntax --expose-gc
dfg-arith-add-overflow-check-elimination-tower-of-large-numbers.js,11.0.140,2022-11-30,--allow-natives-syntax --expose-gc
dfg-array-dead.js,11.0.140,2022-11-30,--allow-natives-syntax --expose-gc
dfg-array-length-dead.js,11.0.140,2022-11-30,--allow-natives-syntax --expose-gc
dfg-array-pop-side-effects.js,11.0.140,2022-11-30,--allow-natives-syntax --expose-gc
dfg-array-pop-value-clearing.js,11.0.140,2022-11-30,--allow-natives-syntax --expose-gc
dfg-arrayify-elimination.js,11.0.140,2022-11-30,--allow-natives-syntax --expose-gc
dfg-arrayify-when-late-prevent-extensions.js,11.0.140,2022-11-30,--allow-natives-syntax --expose-gc
dfg-arrayify-when-prevent-extensions.js,11.0.140,2022-11-30,--allow-natives-syntax --expose-gc
dfg-bool-to-int32-reuse.js,11.0.140,2022-11-30,--allow-natives-syntax --expose-gc
dfg-branch-logical-not-peephole-around-osr-exit.js,11.0.140,2022-11-30,--allow-natives-syntax --expose-gc
dfg-branch-not-fail.js,11.0.140,2022-11-30,--allow-natives-syntax --expose-gc
dfg-call-function-hit-watchpoint.js,11.0.140,2022-11-30,--allow-natives-syntax --expose-gc
dfg-call-method-hit-watchpoint.js,11.0.140,2022-11-30,--allow-natives-syntax --expose-gc
dfg-captured-var-get-local.js,11.0.140,2022-11-30,--allow-natives-syntax --expose-gc
dfg-cfa-merge-with-dead-use-at-tail.js,11.0.140,2022-11-30,--allow-natives-syntax --expose-gc
dfg-cfa-prove-put-by-id-simple-when-storing-to-specialized-function.js,11.0.140,2022-11-30,--allow-natives-syntax --expose-gc
dfg-cfg-simplify-eliminate-set-local-type-check-then-branch-not-null-and-decrement.js,11.0.140,2022-11-30,--allow-natives-syntax --expose-gc
dfg-cfg-simplify-eliminate-set-local-type-check-then-branch-not-null.js,11.0.140,2022-11-30,--allow-natives-syntax --expose-gc
dfg-cfg-simplify-eliminate-set-local-type-check-then-typeof.js,11.0.140,2022-11-30,--allow-natives-syntax --expose-gc
dfg-cfg-simplify-phantom-get-local-on-same-block-set-local.js,11.0.140,2022-11-30,--allow-natives-syntax --expose-gc
dfg-cfg-simplify-redundant-dead-get-local.js,11.0.140,2022-11-30,--allow-natives-syntax --expose-gc
dfg-check-structure-elimination-for-non-cell.js,11.0.140,2022-11-30,--allow-natives-syntax --expose-gc
dfg-check-two-structures.js,11.0.140,2022-11-30,--allow-natives-syntax --expose-gc
dfg-compare-final-object-to-final-object-or-other-when-both-proven-final-object.js,11.0.140,2022-11-30,--allow-natives-syntax --expose-gc
dfg-compare-final-object-to-final-object-or-other-when-proven-final-object.js,11.0.140,2022-11-30,--allow-natives-syntax --expose-gc
dfg-constant-fold-first-local-read-after-block-merge.js,11.0.140,2022-11-30,--allow-natives-syntax --expose-gc
dfg-constant-fold-logical-not-branch.js,11.0.140,2022-11-30,--allow-natives-syntax --expose-gc
dfg-constant-fold-misprediction.js,11.0.140,2022-11-30,--allow-natives-syntax --expose-gc
dfg-constant-fold-uncaptured-variable-that-is-later-captured.js,11.0.140,2022-11-30,--allow-natives-syntax --expose-gc
dfg-convert-this-dom-window.js,11.0.140,2022-11-30,--allow-natives-syntax --expose-gc
dfg-convert-this-object-then-exit-on-other.js,11.0.140,2022-11-30,--allow-natives-syntax --expose-gc
dfg-convert-this-other-then-exit-on-object.js,11.0.140,2022-11-30,--allow-natives-syntax --expose-gc
dfg-convert-this-polymorphic-object-then-exit-on-other.js,11.0.140,2022-11-30,--allow-natives-syntax --expose-gc
dfg-convert-this-polymorphic-object-then-exit-on-string.js,11.0.140,2022-11-30,--allow-natives-syntax --expose-gc
dfg-create-inlined-arguments-in-closure-inline.js,11.0.140,2022-11-30,--allow-natives-syntax --expose-gc
dfg-cse-cfa-discrepancy.js,11.0.140,2022-11-30,--allow-natives-syntax --expose-gc
dfg-cse-dead-get-scoped-var.js,11.0.140,2022-11-30,--allow-natives-syntax --expose-gc
dfg-dead-min-one-arg.js,11.0.140,2022-11-30,--allow-natives-syntax --expose-gc
dfg-dead-min-two-args.js,11.0.140,2022-11-30,--allow-natives-syntax --expose-gc
dfg-dead-redundant-get-array-length.js,11.0.140,2022-11-30,--allow-natives-syntax --expose-gc
dfg-dead-speculation.js,11.0.140,2022-11-30,--allow-natives-syntax --expose-gc
dfg-dead-unreachable-code-with-chain-of-dead-unchecked-nodes.js,11.0.140,2022-11-30,--allow-natives-syntax --expose-gc
dfg-dead-variable-on-exit.js,11.0.140,2022-11-30,--allow-natives-syntax --expose-gc
dfg-double-addition-simplify-to-int.js,11.0.140,2022-11-30,--allow-natives-syntax --expose-gc
dfg-double-use-of-post-simplification-double-prediction.js,11.0.140,2022-11-30,--allow-natives-syntax --expose-gc
dfg-double-vote-fuzz.js,11.0.140,2022-11-30,--allow-natives-syntax --expose-gc
dfg-ensure-array-storage-on-string.js,11.0.140,2022-11-30,--allow-natives-syntax --expose-gc
dfg-ensure-array-storage-on-window.js,11.0.140,2022-11-30,--allow-natives-syntax --expose-gc
dfg-ensure-contiguous-on-string.js,11.0.140,2022-11-30,--allow-natives-syntax --expose-gc
dfg-ensure-non-array-array-storage-on-window.js,11.0.140,2022-11-30,--allow-natives-syntax --expose-gc
dfg-exception.js,11.0.140,2022-11-30,--allow-natives-syntax --expose-gc
dfg-float32-array-nan.js,11.0.140,2022-11-30,--allow-natives-syntax --expose-gc
dfg-flush-get-local.js,11.0.140,2022-11-30,--allow-natives-syntax --expose-gc
dfg-force-exit-then-sparse-conditional-constant-prop-in-loop.js,11.0.140,2022-11-30,--allow-natives-syntax --expose-gc
dfg-get-by-val-clobber.js,11.0.140,2022-11-30,--allow-natives-syntax --expose-gc
dfg-getter-throw.js,11.0.140,2022-11-30,--allow-natives-syntax --expose-gc
dfg-getter.js,11.0.140,2022-11-30,--allow-natives-syntax --expose-gc
dfg-holy-put-by-val-interferes-with-get-array-length.js,11.0.140,2022-11-30,--allow-natives-syntax --expose-gc
dfg-inline-arguments-become-double.js,11.0.140,2022-11-30,--allow-natives-syntax --expose-gc
dfg-inline-arguments-become-int32.js,11.0.140,2022-11-30,--allow-natives-syntax --expose-gc
dfg-inline-arguments-int32.js,11.0.140,2022-11-30,--allow-natives-syntax --expose-gc
dfg-inline-arguments-osr-exit-and-capture.js,11.0.140,2022-11-30,--allow-natives-syntax --expose-gc
dfg-inline-arguments-out-of-bounds.js,11.0.140,2022-11-30,--allow-natives-syntax --expose-gc
dfg-inline-arguments-reset-changetype.js,11.0.140,2022-11-30,--allow-natives-syntax --expose-gc
dfg-inline-arguments-reset.js,11.0.140,2022-11-30,--allow-natives-syntax --expose-gc
dfg-inline-arguments-simple.js,11.0.140,2022-11-30,--allow-natives-syntax --expose-gc
dfg-inline-arguments-use-directly-from-inlined-code.js,11.0.140,2022-11-30,--allow-natives-syntax --expose-gc
dfg-inline-arguments-use-from-all-the-places-broken.js,11.0.140,2022-11-30,--allow-natives-syntax --expose-gc
dfg-inline-arguments-use-from-all-the-places.js,11.0.140,2022-11-30,--allow-natives-syntax --expose-gc
dfg-inline-arguments-use-from-getter.js,11.0.140,2022-11-30,--allow-natives-syntax --expose-gc
dfg-inline-arguments-use-from-uninlined-code.js,11.0.140,2022-11-30,--allow-natives-syntax --expose-gc
dfg-inline-constant.js,11.0.140,2022-11-30,--allow-natives-syntax --expose-gc
dfg-inline-constructor-that-uses-arguments.js,11.0.140,2022-11-30,--allow-natives-syntax --expose-gc
dfg-inline-early-return.js,11.0.140,2022-11-30,--allow-natives-syntax --expose-gc
dfg-inline-function-dot-caller.js,11.0.140,2022-11-30,--allow-natives-syntax --expose-gc
dfg-inline-new-array-buffer.js,11.0.140,2022-11-30,--allow-natives-syntax --expose-gc
dfg-inline-unused-this-method-check.js,11.0.140,2022-11-30,--allow-natives-syntax --expose-gc
dfg-inline-unused-this.js,11.0.140,2022-11-30,--allow-natives-syntax --expose-gc
dfg-inlining-reg-alloc.js,11.0.140,2022-11-30,--allow-natives-syntax --expose-gc
dfg-int-overflow-in-loop.js,11.0.140,2022-11-30,--allow-natives-syntax --expose-gc
dfg-int-overflow-large-constants-in-a-line.js,11.0.140,2022-11-30,--allow-natives-syntax --expose-gc
dfg-int32-to-double-on-known-number.js,11.0.140,2022-11-30,--allow-natives-syntax --expose-gc
dfg-int32-to-double-on-set-local-and-exit.js,11.0.140,2022-11-30,--allow-natives-syntax --expose-gc
dfg-int32-to-double-on-set-local-and-sometimes-exit.js,11.0.140,2022-11-30,--allow-natives-syntax --expose-gc
dfg-integer-optimization.js,11.0.140,2022-11-30,--allow-natives-syntax --expose-gc
dfg-intrinsic-osr-exit.js,11.0.140,2022-11-30,--allow-natives-syntax --expose-gc
dfg-intrinsic-side-effect-assignment-osr-exit.js,11.0.140,2022-11-30,--allow-natives-syntax --expose-gc
dfg-intrinsic-unused-this-method-check.js,11.0.140,2022-11-30,--allow-natives-syntax --expose-gc
dfg-intrinsic-unused-this.js,11.0.140,2022-11-30,--allow-natives-syntax --expose-gc
dfg-max-backwards-propagation.js,11.0.140,2022-11-30,--allow-natives-syntax --expose-gc
dfg-min-backwards-propagation.js,11.0.140,2022-11-30,--allow-natives-syntax --expose-gc
dfg-min-max.js,11.0.140,2022-11-30,--allow-natives-syntax --expose-gc
dfg-mispredict-variable-but-prove-int.js,11.0.140,2022-11-30,--allow-natives-syntax --expose-gc
dfg-mul-big-integer-with-small-integer-and-bitor.js,11.0.140,2022-11-30,--allow-natives-syntax --expose-gc
dfg-mul-big-integer-with-small-integer-and-detect-overflow.js,11.0.140,2022-11-30,--allow-natives-syntax --expose-gc
dfg-mul-big-integer-with-small-integer.js,11.0.140,2022-11-30,--allow-natives-syntax --expose-gc
dfg-mul-big-integers.js,11.0.140,2022-11-30,--allow-natives-syntax --expose-gc
dfg-multi-basic-block-structure-clobber.js,11.0.140,2022-11-30,--allow-natives-syntax --expose-gc
dfg-multiply.js,11.0.140,2022-11-30,--allow-natives-syntax --expose-gc
dfg-negative-array-index.js,11.0.140,2022-11-30,--allow-natives-syntax --expose-gc
dfg-obvious-constant-cfa.js,11.0.140,2022-11-30,--allow-natives-syntax --expose-gc
dfg-other-branch.js,11.0.140,2022-11-30,--allow-natives-syntax --expose-gc
dfg-patchable-get-by-id-after-watchpoint.js,11.0.140,2022-11-30,--allow-natives-syntax --expose-gc
dfg-peephole-compare-final-object-to-final-object-or-other-when-both-proven-final-object.js,11.0.140,2022-11-30,--allow-natives-syntax --expose-gc
dfg-peephole-compare-final-object-to-final-object-or-other-when-proven-final-object.js,11.0.140,2022-11-30,--allow-natives-syntax --expose-gc
dfg-phantom-base.js,11.0.140,2022-11-30,--allow-natives-syntax --expose-gc
dfg-phantom-get-local.js,11.0.140,2022-11-30,--allow-natives-syntax --expose-gc
dfg-post-inc-then-exit.js,11.0.140,2022-11-30,--allow-natives-syntax --expose-gc
dfg-proto-access-inline-osr-exit.js,11.0.140,2022-11-30,--allow-natives-syntax --expose-gc
dfg-proto-stub-watchpoint-fire.js,11.0.140,2022-11-30,--allow-natives-syntax --expose-gc
dfg-proven-sqrt-backwards-propagation.js,11.0.140,2022-11-30,--allow-natives-syntax --expose-gc
dfg-put-by-id-allocate-storage-polymorphic.js,11.0.140,2022-11-30,--allow-natives-syntax --expose-gc
dfg-put-by-id-allocate-storage.js,11.0.140,2022-11-30,--allow-natives-syntax --expose-gc
dfg-put-by-id-prototype-check.js,11.0.140,2022-11-30,--allow-natives-syntax --expose-gc
dfg-put-by-id-reallocate-storage-polymorphic.js,11.0.140,2022-11-30,--allow-natives-syntax --expose-gc
dfg-put-by-id-reallocate-storage.js,11.0.140,2022-11-30,--allow-natives-syntax --expose-gc
dfg-put-by-val-setter-then-get-by-val.js,11.0.140,2022-11-30,--allow-natives-syntax --expose-gc
dfg-put-scoped-var-backward-flow.js,11.0.140,2022-11-30,--allow-natives-syntax --expose-gc
dfg-putbyval-cfa-clobber.js,11.0.140,2022-11-30,--allow-natives-syntax --expose-gc
dfg-redundant-load-of-captured-variable-proven-constant.js,11.0.140,2022-11-30,--allow-natives-syntax --expose-gc
dfg-resolve-global-polymorphic-non-dictionary.js,11.0.140,2022-11-30,--allow-natives-syntax --expose-gc
dfg-resolve-global-specific-dictionary.js,11.0.140,2022-11-30,--allow-natives-syntax --expose-gc
dfg-rshift-by-zero-eliminate-valuetoint32.js,11.0.140,2022-11-30,--allow-natives-syntax --expose-gc
dfg-side-effect-assignment-osr-exit.js,11.0.140,2022-11-30,--allow-natives-syntax --expose-gc
dfg-sqrt-backwards-propagation.js,11.0.140,2022-11-30,--allow-natives-syntax --expose-gc
dfg-store-unexpected-value-into-argument-and-osr-exit.js,11.0.140,2022-11-30,--allow-natives-syntax --expose-gc
dfg-string-stricteq.js,11.0.140,2022-11-30,--allow-natives-syntax --expose-gc
dfg-tear-off-arguments-not-activation.js,11.0.140,2022-11-30,--allow-natives-syntax --expose-gc
dfg-tear-off-function-dot-arguments.js,11.0.140,2022-11-30,--allow-natives-syntax --expose-gc
dfg-to-string-bad-toString.js,11.0.140,2022-11-30,--allow-natives-syntax --expose-gc
dfg-to-string-bad-valueOf.js,11.0.140,2022-11-30,--allow-natives-syntax --expose-gc
dfg-to-string-int-or-string.js,11.0.140,2022-11-30,--allow-natives-syntax --expose-gc
dfg-to-string-int.js,11.0.140,2022-11-30,--allow-natives-syntax --expose-gc
dfg-to-string-on-cell.js,11.0.140,2022-11-30,--allow-natives-syntax --expose-gc
dfg-to-string-on-value.js,11.0.140,2022-11-30,--allow-natives-syntax --expose-gc
dfg-to-string-side-effect-clobbers-toString.js,11.0.140,2022-11-30,--allow-natives-syntax --expose-gc
dfg-to-string-side-effect.js,11.0.140,2022-11-30,--allow-natives-syntax --expose-gc
dfg-to-string-toString-becomes-bad-with-check-structure.js,11.0.140,2022-11-30,--allow-natives-syntax --expose-gc
dfg-to-string-toString-becomes-bad-with-dictionary-string-prototype.js,11.0.140,2022-11-30,--allow-natives-syntax --expose-gc
dfg-to-string-toString-becomes-bad.js,11.0.140,2022-11-30,--allow-natives-syntax --expose-gc
dfg-to-string-toString-in-string.js,11.0.140,2022-11-30,--allow-natives-syntax --expose-gc
dfg-to-string-valueOf-in-string.js,11.0.140,2022-11-30,--allow-natives-syntax --expose-gc
dfg-uint32-to-number-in-middle-of-copy-propagation.js,11.0.140,2022-11-30,--allow-natives-syntax --expose-gc
dfg-uint32-to-number-on-captured-variable.js,11.0.140,2022-11-30,--allow-natives-syntax --expose-gc
dfg-uint32-to-number-skip-then-exit.js,11.0.140,2022-11-30,--allow-natives-syntax --expose-gc
dfg-uint32-to-number.js,11.0.140,2022-11-30,--allow-natives-syntax --expose-gc
dfg-uint32array-overflow-constant.js,11.0.140,2022-11-30,--allow-natives-syntax --expose-gc
dfg-uint8clampedarray-out-of-bounds-put-by-val-alias.js,11.0.140,2022-11-30,--allow-natives-syntax --expose-gc
dfg-value-to-int32-with-side-effect.js,11.0.140,2022-11-30,--allow-natives-syntax --expose-gc
dfg-weak-js-constant-silent-fill.js,11.0.140,2022-11-30,--allow-natives-syntax --expose-gc
dictionary-no-cache.js,11.0.140,2022-11-30,--allow-natives-syntax --expose-gc
dictionary-prototype-caching.js,11.0.140,2022-11-30,--allow-natives-syntax --expose-gc
do-while-semicolon.js,11.0.140,2022-11-30,--allow-natives-syntax --expose-gc
dotstar.js,11.0.140,2022-11-30,--allow-natives-syntax --expose-gc
duplicate-param-crash.js,11.0.140,2022-11-30,--allow-natives-syntax --expose-gc
duplicate-param-gc-crash.js,11.0.140,2022-11-30,--allow-natives-syntax --expose-gc
early-acid3-86.js,11.0.140,2022-11-30,--allow-natives-syntax --expose-gc
ecma-regex-examples.js,11.0.140,2022-11-30,--allow-natives-syntax --expose-gc
empty.js,11.0.140,2022-11-30,--allow-natives-syntax --expose-gc
encode_decode_uri.js,11.0.140,2022-11-30,--------------------------------------------------------------------------------
end-in-string-escape.js,11.0.140,2022-11-30,--allow-natives-syntax --expose-gc
enter-dictionary-indexing-mode-with-blank-indexing-type.js,11.0.140,2022-11-30,--allow-natives-syntax --expose-gc
equality.js,11.0.140,2022-11-30,--allow-natives-syntax --expose-gc
eval-and-with.js,11.0.140,2022-11-30,--allow-natives-syntax --expose-gc
eval-cache-crash.js,11.0.140,2022-11-30,--allow-natives-syntax --expose-gc
eval-throw-return.js,11.0.140,2022-11-30,--allow-natives-syntax --expose-gc
eval-var-decl.js,11.0.140,2022-11-30,--allow-natives-syntax --expose-gc
eval.js,11.0.140,2022-11-30,--allow-natives-syntax --expose-gc
evil-n.js,11.0.140,2022-11-30,--allow-natives-syntax --expose-gc
exception-for-nonobject.js,11.0.140,2022-11-30,--allow-natives-syntax --expose-gc
exception-propagate-from-dfg-to-llint.js,11.0.140,2022-11-30,--allow-natives-syntax --expose-gc
exception-properties.js,11.0.140,2022-11-30,--allow-natives-syntax --expose-gc
exception-registerfile-shrink.js,11.0.140,2022-11-30,--allow-natives-syntax --expose-gc
exception-try-finally-scope-error.js,11.0.140,2022-11-30,--allow-natives-syntax --expose-gc
exception-with-handler-inside-eval-with-dynamic-scope.js,11.0.140,2022-11-30,--allow-natives-syntax --expose-gc
exception_propagation.js,11.0.140,2022-11-30,---------------------------
exceptions.js,11.0.140,2022-11-30,--allow-natives-syntax --expose-gc
excessive-comma-usage.js,11.0.140,2022-11-30,--allow-natives-syntax --expose-gc
finally-codegen-failure.js,11.0.140,2022-11-30,--allow-natives-syntax --expose-gc
flatten-dictionary-structure-from-which-all-properties-were-deleted.js,11.0.140,2022-11-30,--allow-natives-syntax --expose-gc
for-in-avoid-duplicates.js,11.0.140,2022-11-30,--allow-natives-syntax --expose-gc
for-in-cached.js,11.0.140,2022-11-30,--allow-natives-syntax --expose-gc
for-in-exeception.js,11.0.140,2022-11-30,--allow-natives-syntax --expose-gc
for-in-to-text.js,11.0.140,2022-11-30,--allow-natives-syntax --expose-gc
for-in-var-scope.js,11.0.140,2022-11-30,--allow-natives-syntax --expose-gc
func-decl.js,11.0.140,2022-11-30,--allow-natives-syntax --expose-gc
function-apply-aliased.js,11.0.140,2022-11-30,--stack-size
function-apply.js,11.0.140,2022-11-30,--stack-size
function-call-aliased.js,11.0.140,2022-11-30,--allow-natives-syntax --expose-gc
function-call-register-allocation.js,11.0.140,2022-11-30,--stack-size
function-constructor-error.js,11.0.140,2022-11-30,--allow-natives-syntax --expose-gc
function-constructor-newline-after-brace.js,11.0.140,2022-11-30,--allow-natives-syntax --expose-gc
function-constructor-single-line-comment.js,11.0.140,2022-11-30,--allow-natives-syntax --expose-gc
function-declaration.js,11.0.140,2022-11-30,--allow-natives-syntax --expose-gc
function-declarations-in-switch-statement.js,11.0.140,2022-11-30,--allow-natives-syntax --expose-gc
function-decompilation-operators.js,11.0.140,2022-11-30,--y --y --y --y --y --y --y --y --y --y --y --y
function-dot-apply-replace-base.js,11.0.140,2022-11-30,--allow-natives-syntax --expose-gc
function-dot-length-read-only.js,11.0.140,2022-11-30,--allow-natives-syntax --expose-gc
function-prototype-descriptor.js,11.0.140,2022-11-30,--allow-natives-syntax --expose-gc
function-toString-object-literals.js,11.0.140,2022-11-30,--1
function-toString-parentheses.js,11.0.140,2022-11-30,--allow-natives-syntax --expose-gc
function-toString-semicolon-insertion.js,11.0.140,2022-11-30,--allow-natives-syntax --expose-gc
get-by-pname-non-final-object.js,11.0.140,2022-11-30,--allow-natives-syntax --expose-gc
get-by-pname-that-looks-like-a-patchable-get-by-val.js,11.0.140,2022-11-30,--allow-natives-syntax --expose-gc
get-by-pname.js,11.0.140,2022-11-30,--allow-natives-syntax --expose-gc
getter-setter-gc.js,11.0.140,2022-11-30,--allow-natives-syntax --expose-gc
global-resolve-through-eval.js,11.0.140,2022-11-30,--allow-natives-syntax --expose-gc
gmail-re-re.js,11.0.140,2022-11-30,---------------------------------------------------------------
has-own-property.js,11.0.140,2022-11-30,--allow-natives-syntax --expose-gc
ignored-result-null-comparison-crash.js,11.0.140,2022-11-30,--allow-natives-syntax --expose-gc
ignored-result-ref-crash.js,11.0.140,2022-11-30,--allow-natives-syntax --expose-gc
inbuilt_function_proto.js,11.0.140,2022-11-30,--allow-natives-syntax --expose-gc
indexed-setter-on-global-object.js,11.0.140,2022-11-30,--allow-natives-syntax --expose-gc
instance-of-immediates.js,11.0.140,2022-11-30,--allow-natives-syntax --expose-gc
instanceof-operator.js,11.0.140,2022-11-30,--allow-natives-syntax --expose-gc
integer-extremes.js,11.0.140,2022-11-30,--allow-natives-syntax --expose-gc
interpreter-no-activation.js,11.0.140,2022-11-30,--allow-natives-syntax --expose-gc
invalid-callframe-during-unwind.js,11.0.140,2022-11-30,--allow-natives-syntax --expose-gc
invalid-range-in-class.js,11.0.140,2022-11-30,--allow-natives-syntax --expose-gc
isPrototypeOf.js,11.0.140,2022-11-30,--allow-natives-syntax --expose-gc
iteration.js,11.0.140,2022-11-30,--allow-natives-syntax --expose-gc
j-comment-3.js,11.0.140,2022-11-30,--allow-natives-syntax --expose-gc
j-comment-4.js,11.0.140,2022-11-30,--allow-natives-syntax --expose-gc
jit-float32-array-nan.js,11.0.140,2022-11-30,--allow-natives-syntax --expose-gc
js-continue-break-restrictions.js,11.0.140,2022-11-30,--allow-natives-syntax --expose-gc
json2-es5-compat.js,11.0.140,2022-11-30,---current
keywords-and-reserved_words.js,11.0.140,2022-11-30,--allow-natives-syntax --expose-gc
lastIndex.js,11.0.140,2022-11-30,--allow-natives-syntax --expose-gc
legitimately-captured-argument.js,11.0.140,2022-11-30,--allow-natives-syntax --expose-gc
literals.js,11.0.140,2022-11-30,--allow-natives-syntax --expose-gc
logical-or-jless.js,11.0.140,2022-11-30,--allow-natives-syntax --expose-gc
lval-exceptions.js,11.0.140,2022-11-30,---
malformed-escapes.js,11.0.140,2022-11-30,--allow-natives-syntax --expose-gc
math-transforms.js,11.0.140,2022-11-30,--allow-natives-syntax --expose-gc
math.js,11.0.140,2022-11-30,--allow-natives-syntax --expose-gc
md5-1.js,11.0.140,2022-11-30,--allow-natives-syntax --expose-gc
md5-2.js,11.0.140,2022-11-30,--allow-natives-syntax --expose-gc
mod-by-zero.js,11.0.140,2022-11-30,--allow-natives-syntax --expose-gc
mod-crash.js,11.0.140,2022-11-30,--allow-natives-syntax --expose-gc
modify-non-references.js,11.0.140,2022-11-30,--g --g --Number
multiline-comment-newline.js,11.0.140,2022-11-30,--allow-natives-syntax --expose-gc
named-function-expression.js,11.0.140,2022-11-30,--ctr -----
native-error-prototype.js,11.0.140,2022-11-30,--allow-natives-syntax --expose-gc
nested-functions.js,11.0.140,2022-11-30,--allow-natives-syntax --expose-gc
new-array-double-with-holes.js,11.0.140,2022-11-30,--allow-natives-syntax --expose-gc
no-semi-insertion-at-end-of-script.js,11.0.140,2022-11-30,--allow-natives-syntax --expose-gc
non-capturing-backtracking.js,11.0.140,2022-11-30,--allow-natives-syntax --expose-gc
number-cell-reuse.js,11.0.140,2022-11-30,--allow-natives-syntax --expose-gc
number-parsing-crash.js,11.0.140,2022-11-30,--allow-natives-syntax --expose-gc
number-toExponential.js,11.0.140,2022-11-30,--allow-natives-syntax --expose-gc
number-toString.js,11.0.140,2022-11-30,--allow-natives-syntax --expose-gc
number-tofixed.js,11.0.140,2022-11-30,--allow-natives-syntax --expose-gc
number-toprecision.js,11.0.140,2022-11-30,--allow-natives-syntax --expose-gc
numeric-compare.js,11.0.140,2022-11-30,--allow-natives-syntax --expose-gc
numeric-conversion.js,11.0.140,2022-11-30,--allow-natives-syntax --expose-gc
numeric-escapes-in-string-literals.js,11.0.140,2022-11-30,--allow-natives-syntax --expose-gc
object-bad-time.js,11.0.140,2022-11-30,--allow-natives-syntax --expose-gc
object-extra-comma.js,11.0.140,2022-11-30,--allow-natives-syntax --expose-gc
object-literal-direct-put.js,11.0.140,2022-11-30,--allow-natives-syntax --expose-gc
object-literal-syntax.js,11.0.140,2022-11-30,--allow-natives-syntax --expose-gc
object-prototype-constructor.js,11.0.140,2022-11-30,--allow-natives-syntax --expose-gc
object-prototype-properties.js,11.0.140,2022-11-30,--allow-natives-syntax --expose-gc
object-prototype-toLocaleString.js,11.0.140,2022-11-30,--allow-natives-syntax --expose-gc
object-slow-put.js,11.0.140,2022-11-30,--allow-natives-syntax --expose-gc
object_prototype.js,11.0.140,2022-11-30,--allow-natives-syntax --expose-gc
object_prototype_tostring.js,11.0.140,2022-11-30,--allow-natives-syntax --expose-gc
operators.js,11.0.140,2022-11-30,--i --i
order-of-operations.js,11.0.140,2022-11-30,--allow-natives-syntax --expose-gc
overflow.js,11.0.140,2022-11-30,--allow-natives-syntax --expose-gc
parentheses.js,11.0.140,2022-11-30,--allow-natives-syntax --expose-gc
parse-nan.js,11.0.140,2022-11-30,--allow-natives-syntax --expose-gc
parse.js,11.0.140,2022-11-30,--allow-natives-syntax --expose-gc
parseFloat.js,11.0.140,2022-11-30,--allow-natives-syntax --expose-gc
parseInt.js,11.0.140,2022-11-30,--allow-natives-syntax --expose-gc
parser-high-byte-character.js,11.0.140,2022-11-30,--allow-natives-syntax --expose-gc
parser-syntax-check.js,11.0.140,2022-11-30,--b --i --a
parser-xml-close-comment.js,11.0.140,2022-11-30,--allow-natives-syntax --expose-gc
pcre-test-4.js,11.0.140,2022-11-30,--allow-natives-syntax --expose-gc
polymorphic-construct.js,11.0.140,2022-11-30,--allow-natives-syntax --expose-gc
pretty-print.js,11.0.140,2022-11-30,--allow-natives-syntax --expose-gc
preventExtensions.js,11.0.140,2022-11-30,--allow-natives-syntax --expose-gc
primitive-method-this.js,11.0.140,2022-11-30,--allow-natives-syntax --expose-gc
primitive-property-access-edge-cases.js,11.0.140,2022-11-30,--allow-natives-syntax --expose-gc
property-getters-and-setters.js,11.0.140,2022-11-30,--allow-natives-syntax --expose-gc
property-iteration.js,11.0.140,2022-11-30,--allow-natives-syntax --expose-gc
propertyIsEnumerable.js,11.0.140,2022-11-30,--allow-natives-syntax --expose-gc
prototype_length.js,11.0.140,2022-11-30,--allow-natives-syntax --expose-gc
prototype_proto.js,11.0.140,2022-11-30,--allow-natives-syntax --expose-gc
prototypes.js,11.0.140,2022-11-30,--allow-natives-syntax --expose-gc
quantified-assertions.js,11.0.140,2022-11-30,--allow-natives-syntax --expose-gc
read-modify-eval.js,11.0.140,2022-11-30,--eval
reentrant-caching.js,11.0.140,2022-11-30,--allow-natives-syntax --expose-gc
reentrant-call-unwind.js,11.0.140,2022-11-30,--allow-natives-syntax --expose-gc
regexp-alternatives.js,11.0.140,2022-11-30,--allow-natives-syntax --expose-gc
regexp-backreferences.js,11.0.140,2022-11-30,--allow-natives-syntax --expose-gc
regexp-bol-with-multiline.js,11.0.140,2022-11-30,--allow-natives-syntax --expose-gc
regexp-bol.js,11.0.140,2022-11-30,--allow-natives-syntax --expose-gc
regexp-char-insensitive.js,11.0.140,2022-11-30,--allow-natives-syntax --expose-gc
regexp-character-match-out-of-order.js,11.0.140,2022-11-30,--allow-natives-syntax --expose-gc
regexp-compile-crash.js,11.0.140,2022-11-30,--allow-natives-syntax --expose-gc
regexp-compile.js,11.0.140,2022-11-30,--allow-natives-syntax --expose-gc
regexp-divequal.js,11.0.140,2022-11-30,--allow-natives-syntax --expose-gc
regexp-extended-characters-crash.js,11.0.140,2022-11-30,--allow-natives-syntax --expose-gc
regexp-extended-characters-match.js,11.0.140,2022-11-30,--allow-natives-syntax --expose-gc
regexp-extended-characters-more.js,11.0.140,2022-11-30,--allow-natives-syntax --expose-gc
regexp-find-first-asserted.js,11.0.140,2022-11-30,--allow-natives-syntax --expose-gc
regexp-in-and-foreach-handling.js,11.0.140,2022-11-30,--allow-natives-syntax --expose-gc
regexp-lastindex.js,11.0.140,2022-11-30,--allow-natives-syntax --expose-gc
regexp-literals-arent-constants.js,11.0.140,2022-11-30,--allow-natives-syntax --expose-gc
regexp-look-ahead.js,11.0.140,2022-11-30,--allow-natives-syntax --expose-gc
regexp-many-brackets.js,11.0.140,2022-11-30,--allow-natives-syntax --expose-gc
regexp-negative-special-characters.js,11.0.140,2022-11-30,--allow-natives-syntax --expose-gc
regexp-no-extensions.js,11.0.140,2022-11-30,--allow-natives-syntax --expose-gc
regexp-non-bmp.js,11.0.140,2022-11-30,--allow-natives-syntax --expose-gc
regexp-non-capturing-groups.js,11.0.140,2022-11-30,--allow-natives-syntax --expose-gc
regexp-non-character.js,11.0.140,2022-11-30,--allow-natives-syntax --expose-gc
regexp-non-greedy-parentheses.js,11.0.140,2022-11-30,--allow-natives-syntax --expose-gc
regexp-norepeat.js,11.0.140,2022-11-30,--allow-natives-syntax --expose-gc
regexp-range-bound-ffff.js,11.0.140,2022-11-30,--allow-natives-syntax --expose-gc
regexp-range-out-of-order.js,11.0.140,2022-11-30,--allow-natives-syntax --expose-gc
regexp-ranges-and-escaped-hyphens.js,11.0.140,2022-11-30,--0
regexp-stack-overflow.js,11.0.140,2022-11-30,--Great ----000- ----000- ----000- --ENVIRONMENTAL --WATER
regexp-unicode-handling.js,11.0.140,2022-11-30,--allow-natives-syntax --expose-gc
regexp-zero-length-alternatives.js,11.0.140,2022-11-30,--allow-natives-syntax --expose-gc
registerCachingAcrossBranchTargets.js,11.0.140,2022-11-30,--allow-natives-syntax --expose-gc
rehash-assign.js,11.0.140,2022-11-30,--allow-natives-syntax --expose-gc
repeat-match-waldemar.js,11.0.140,2022-11-30,--allow-natives-syntax --expose-gc
reserved-words-strict.js,11.0.140,2022-11-30,--allow-natives-syntax --expose-gc
reserved-words.js,11.0.140,2022-11-30,--allow-natives-syntax --expose-gc
resize-array-assign.js,11.0.140,2022-11-30,--allow-natives-syntax --expose-gc
resolve-arguments-from-scope.js,11.0.140,2022-11-30,--allow-natives-syntax --expose-gc
run-json-stringify.js,11.0.140,2022-11-30,--stack-size
scope.js,11.0.140,2022-11-30,--allow-natives-syntax --expose-gc
slash-lineterminator-parse.js,11.0.140,2022-11-30,--allow-natives-syntax --expose-gc
sort-large-array.js,11.0.140,2022-11-30,--allow-natives-syntax --expose-gc
sort-no-jit-code-crash.js,11.0.140,2022-11-30,--allow-natives-syntax --expose-gc
sort-non-numbers.js,11.0.140,2022-11-30,--allow-natives-syntax --expose-gc
sort-randomly.js,11.0.140,2022-11-30,--allow-natives-syntax --expose-gc
sort-with-side-effecting-comparisons.js,11.0.140,2022-11-30,--allow-natives-syntax --expose-gc
sparse-array.js,11.0.140,2022-11-30,--allow-natives-syntax --expose-gc
stack-overflow-catch.js,11.0.140,2022-11-30,--allow-natives-syntax --expose-gc
stack-unwinding.js,11.0.140,2022-11-30,--allow-natives-syntax --expose-gc
standalone-post.js,11.0.140,2022-11-30,--allow-natives-syntax --expose-gc
standalone-pre.js,11.0.140,2022-11-30,--allow-natives-syntax --expose-gc
statement-list-register-crash.js,11.0.140,2022-11-30,--allow-natives-syntax --expose-gc
statements.js,11.0.140,2022-11-30,--allow-natives-syntax --expose-gc
static-scope-object.js,11.0.140,2022-11-30,--allow-natives-syntax --expose-gc
strict-callback-this.js,11.0.140,2022-11-30,--allow-natives-syntax --expose-gc
string-anchor.js,11.0.140,2022-11-30,--allow-natives-syntax --expose-gc
string-capitalization.js,11.0.140,2022-11-30,--allow-natives-syntax --expose-gc
string-fontcolor.js,11.0.140,2022-11-30,--allow-natives-syntax --expose-gc
string-fontsize.js,11.0.140,2022-11-30,--allow-natives-syntax --expose-gc
string-from-char-code.js,11.0.140,2022-11-30,--allow-natives-syntax --expose-gc
string-index-overflow.js,11.0.140,2022-11-30,--allow-natives-syntax --expose-gc
string-link.js,11.0.140,2022-11-30,--allow-natives-syntax --expose-gc
string-property-deletion.js,11.0.140,2022-11-30,--allow-natives-syntax --expose-gc
string-property-iteration.js,11.0.140,2022-11-30,--allow-natives-syntax --expose-gc
string-replacement-outofmemory.js,11.0.140,2022-11-30,--allow-natives-syntax --expose-gc
string-slice-abnormal-values.js,11.0.140,2022-11-30,--allow-natives-syntax --expose-gc
string-sort.js,11.0.140,2022-11-30,--allow-natives-syntax --expose-gc
string-split-conformance.js,11.0.140,2022-11-30,--b --b --b
string-split-double-empty.js,11.0.140,2022-11-30,--allow-natives-syntax --expose-gc
string-split-ignore-case.js,11.0.140,2022-11-30,--allow-natives-syntax --expose-gc
string-substr.js,11.0.140,2022-11-30,--allow-natives-syntax --expose-gc
string-trim.js,11.0.140,2022-11-30,--allow-natives-syntax --expose-gc
string_replace.js,11.0.140,2022-11-30,--allow-natives-syntax --expose-gc
this-non-object-proto.js,11.0.140,2022-11-30,--allow-natives-syntax --expose-gc
throw-from-finally.js,11.0.140,2022-11-30,--allow-natives-syntax --expose-gc
toString-elision-trailing-comma.js,11.0.140,2022-11-30,--allow-natives-syntax --expose-gc
toString-exception.js,11.0.140,2022-11-30,--allow-natives-syntax --expose-gc
toString-for-var-decl.js,11.0.140,2022-11-30,--allow-natives-syntax --expose-gc
toString-number-dot-expr.js,11.0.140,2022-11-30,--allow-natives-syntax --expose-gc
toString-number.js,11.0.140,2022-11-30,--allow-natives-syntax --expose-gc
toString-overrides.js,11.0.140,2022-11-30,--allow-natives-syntax --expose-gc
toString-prefix-postfix-preserve-parens.js,11.0.140,2022-11-30,--allow-natives-syntax --expose-gc
toString-recursion.js,11.0.140,2022-11-30,--allow-natives-syntax --expose-gc
toString.js,11.0.140,2022-11-30,--allow-natives-syntax --expose-gc
tostring-exception-in-property-access.js,11.0.140,2022-11-30,--allow-natives-syntax --expose-gc
try-catch-try-try-catch-try-finally-return-catch-finally.js,11.0.140,2022-11-30,--allow-natives-syntax --expose-gc
try-try-return-finally-finally.js,11.0.140,2022-11-30,--allow-natives-syntax --expose-gc
typeof-codegen-crash.js,11.0.140,2022-11-30,--allow-natives-syntax --expose-gc
typeof-constant-string.js,11.0.140,2022-11-30,--allow-natives-syntax --expose-gc
unexpected-constant-crash.js,11.0.140,2022-11-30,--allow-natives-syntax --expose-gc
unicodeCaseInsensitive.js,11.0.140,2022-11-30,--allow-natives-syntax --expose-gc
unmatching-argument-count.js,11.0.140,2022-11-30,--allow-natives-syntax --expose-gc
var-declarations-zero-width.js,11.0.140,2022-11-30,--allow-natives-syntax --expose-gc
var-shadows-arg-crash.js,11.0.140,2022-11-30,--allow-natives-syntax --expose-gc
var-shadows-arg-gc-crash.js,11.0.140,2022-11-30,--allow-natives-syntax --expose-gc
var_decl_init.js,11.0.140,2022-11-30,--allow-natives-syntax --expose-gc
vardecl-blocks-init.js,11.0.140,2022-11-30,--allow-natives-syntax --expose-gc
