filename,timestamp,flags
10_40062875.js,2023-02-02T09:51:36+00:00,--interrupt-budget=1000 --harmony-struct --maglev --stress-maglev --turboshaft
12_40057081.js,2021-08-30T06:46:37+00:00,
1406162_40062572.js,2023-01-10T07:59:36+00:00,
1_40064282.js,2023-04-29T14:43:16+00:00,
279d2a53-0d4b-407a-b2bf-ee456a849c8e_40061400.js,2022-10-18T17:54:27+00:00,
5_report_40062572.js,2023-01-10T07:59:36+00:00,--allow-natives-syntax --maglev --maglev-inlining --stress-maglev
chrome_40059133.js,2022-03-18T03:22:13+00:00,
clusterfuzz-testcase-5686835111657472_40095393.js,2019-06-13T18:14:02+00:00,--promiseTestCount --promiseTestCount --always-opt --no-opt
clusterfuzz-testcase-minimized-4902454101344256_40058638.js,2022-01-30T00:13:28+00:00,
clusterfuzz-testcase-minimized-5686835111657472_40095393.js,2019-06-13T18:14:02+00:00,
crosher_40089045.js,2017-09-18T18:44:42+00:00,--route --no-log --interface
demo1_40057946.js,2021-11-18T03:51:00+00:00,
demo2_40057946.js,2021-11-18T03:51:00+00:00,
deoptimizer.cc_L359_DCHECK_fail_339759428.js,2024-05-10T07:02:54.945000+00:00,--profile=v8 --jobs=24 --engine=multi --logLevel=verbose --timeout=1200 --storagePath --resume --exportStatistics --statisticsExportInterval=5 --diagnostics --tag=3ea85f9c --expose-gc --omit-quit --allow-natives-syntax --fuzzing --jit-fuzzing --future --harmony --js-staging
exploit-worker_40061453.js,2022-10-24T14:40:47+00:00,
exploit_365376497.js,2024-09-08T19:57:12.705000+00:00,
exploit_40065473.js,2023-06-07T14:58:26+00:00,
exploit_40067530.js,2023-07-17T12:25:03+00:00,
exploit_40095575.js,2019-07-02T09:29:35+00:00,
expl_330575498.js,2024-03-21T02:08:46.934000+00:00,
expl_344963941.js,2024-06-05T00:07:16.781000+00:00,
exp_323694592.js,2024-02-05T01:57:37.069000+00:00,
exp_40055688.js,2021-04-27T03:22:47+00:00,
exp_40067050.js,2023-07-07T15:46:44+00:00,
exp_40067712.js,2023-07-19T17:07:59+00:00,
ex_41483297.js,2023-12-12T01:29:07+00:00,
fail_40090935.js,2018-03-27T19:01:22+00:00,
google_v8_array_prototype_memory_corruption_poc_40094304.js,2019-03-15T21:19:52+00:00,
helper1_342602616.js,2024-05-24T17:59:24.281000+00:00,
helper2_342602616.js,2024-05-24T17:59:24.281000+00:00,
help_40061335.js,2022-10-13T14:23:50+00:00,
leak_40094340.js,2019-03-20T14:29:17+00:00,
lib_40050529.js,2019-10-25T07:10:28+00:00,
liveBuildCrash_40094379.js,2019-03-26T00:18:03+00:00,
